Date,BANK,GOLD,NIFTY,SILVER
2009-02-01,38.900001525878906,15.07900047302246,28.016000747680664,
2009-03-01,41.20000076293945,14.934399604797363,30.30599975585937,
2009-04-01,51.0,14.379899978637695,34.849998474121094,
2009-05-01,75.0,14.670000076293944,44.60699844360352,
2009-06-01,74.05000305175781,14.42549991607666,43.540000915527344,
2009-07-01,75.59500122070312,14.557900428771973,46.13800048828125,
2009-08-01,75.0,15.050000190734863,46.744998931884766,
2009-09-01,88.69999694824219,15.468500137329102,50.47700119018555,
2009-10-01,85.0,15.729999542236328,47.55899810791016,
2009-11-01,90.01000213623047,17.450000762939453,50.3120002746582,
2009-12-01,90.5,16.520000457763672,52.17100143432617,
2010-01-01,86.38480377197266,16.080150604248047,49.69499969482422,
2010-02-01,86.45999908447266,16.506399154663086,49.29999923706055,
2010-03-01,95.0999984741211,16.082300186157227,52.60499954223633,
2010-04-01,98.8010025024414,16.711999893188477,52.40499877929688,
2010-05-01,93.6999969482422,17.972999572753906,50.630001068115234,
2010-06-01,95.2689971923828,18.5310001373291,53.275001525878906,
2010-07-01,102.0500030517578,17.530000686645508,54.18999862670898,
2010-08-01,107.6999969482422,18.57999992370605,54.45500183105469,
2010-09-01,123.25,18.829500198364254,60.150001525878906,
2010-10-01,123.13099670410156,18.95050048828125,60.79800033569336,
2010-11-01,120.72799682617188,19.90250015258789,59.604000091552734,
2010-12-01,118.77100372314452,20.099000930786133,61.880001068115234,
2011-01-01,106.48699951171876,19.5629997253418,55.46799850463867,
2011-02-01,104.63999938964844,20.19700050354004,54.1609992980957,
2011-03-01,117.13400268554688,20.243000030517575,58.43299865722656,
2011-04-01,114.46099853515624,21.56599998474121,57.95199966430664,
2011-05-01,109.73500061035156,21.90449905395508,56.27000045776367,
2011-06-01,112.78199768066406,21.337499618530277,56.99399948120117,
2011-07-01,111.15399932861328,22.311500549316406,56.367000579833984,
2011-08-01,95.9000015258789,25.895000457763672,50.900001525878906,
2011-09-01,96.427001953125,25.20599937438965,50.03799819946289,
2011-10-01,100.94300079345705,25.99449920654297,53.8849983215332,
2011-11-01,86.8479995727539,27.66699981689453,49.06800079345703,
2011-12-01,80.21199798583984,26.102500915527344,47.005001068115234,
2012-01-01,99.65899658203124,27.06599998474121,52.5880012512207,
2012-02-01,105.35796356201172,27.525360107421875,55.14599990844727,
2012-03-01,102.2295913696289,27.197479248046875,53.33300018310547,
2012-04-01,102.80309295654295,27.960620880126957,52.51399993896485,
2012-05-01,95.1957015991211,28.290679931640625,49.87099838256836,
2012-06-01,104.81784057617188,28.310039520263672,53.39899826049805,
2012-07-01,105.77549743652344,28.893430709838867,52.797000885009766,
2012-08-01,101.72836303710938,29.475509643554688,52.8129997253418,
2012-09-01,116.59361267089844,29.953840255737305,57.275001525878906,
2012-10-01,114.62586212158205,29.648149490356445,56.97080993652344,
2012-11-01,123.61659240722656,30.029470443725582,59.6297492980957,
2012-12-01,126.7602767944336,29.03985977172852,59.88885116577149,
2013-01-01,129.0810089111328,28.998859405517575,61.1870002746582,
2013-02-01,116.63678741455078,27.83016967773437,57.73102951049805,
2013-03-01,113.61576080322266,28.235200881958008,56.9414291381836,
2013-04-01,125.53717041015624,25.84966087341309,59.39617919921875,
2013-05-01,125.56564331054688,25.694469451904297,60.214481353759766,
2013-06-01,116.2020034790039,23.843000411987305,58.96799850463867,
2013-07-01,106.34200286865234,26.74049949645996,58.124000549316406,
2013-08-01,91.53199768066406,29.11899948120117,55.08000183105469,
2013-09-01,98.24400329589844,28.42300033569336,58.2239990234375,
2013-10-01,115.71099853515624,28.65800094604492,63.59199905395508,
2013-11-01,112.85199737548828,28.76000022888184,62.41999816894531,
2013-12-01,115.0999984741211,27.174999237060547,63.75299835205078,
2014-01-01,103.95600128173828,27.655000686645508,61.7239990234375,
2014-02-01,108.7020034790039,28.502500534057617,63.44100189208984,
2014-03-01,126.78101348876952,27.07250022888184,67.0,
2014-04-01,130.32000732421875,27.85849952697754,67.27899932861328,
2014-05-01,148.18600463867188,24.92099952697754,72.375,
2014-06-01,161.76600646972656,26.0674991607666,76.46700286865234,
2014-07-01,153.98599243164062,25.691499710083008,78.01399993896484,
2014-08-01,158.92599487304688,25.707500457763672,80.61199951171875,
2014-09-01,155.31399536132812,24.697999954223636,80.71800231933594,
2014-10-01,172.49099731445312,24.270000457763672,84.11499786376953,
2014-11-01,187.0189971923828,24.429000854492188,86.93099975585938,
2014-12-01,189.8459930419922,24.64150047302246,83.87699890136719,
2015-01-01,200.9250030517578,25.788000106811523,89.48200225830078,
2015-02-01,197.158935546875,24.36599922180176,89.20378112792969,
2015-03-01,181.34500122070312,23.989500045776367,85.0780029296875,
2015-04-01,184.13800048828125,24.842500686645508,82.2750015258789,
2015-05-01,187.18600463867188,24.598499298095703,84.6449966430664,
2015-06-01,184.3329925537109,24.19849967956543,84.375,
2015-07-01,189.6790008544922,22.69750022888184,86.4229965209961,
2015-08-01,173.45199584960938,24.3129997253418,80.85900115966797,
2015-09-01,173.7220001220703,23.8700008392334,80.1989974975586,
2015-10-01,174.66000366210938,24.4064998626709,81.86100006103516,
2015-11-01,175.2469940185547,22.924999237060547,80.33100128173828,
2015-12-01,170.25999450683594,22.792499542236328,80.3010025024414,
2016-01-01,156.16299438476562,24.23349952697754,76.22899627685547,
2016-02-01,140.80499267578125,26.489500045776367,70.83799743652344,
2016-03-01,162.53599548339844,25.637500762939453,79.12699890136719,
2016-04-01,168.54400634765625,27.17099952697754,79.51699829101562,
2016-05-01,176.76499938964844,26.45599937438965,82.66799926757812,
2016-06-01,181.51400756835935,27.77300071716309,84.28800201416016,
2016-07-01,191.9149932861328,27.96299934387207,88.11100006103516,
2016-08-01,199.7270050048828,28.120500564575195,89.61699676513672,
2016-09-01,195.82000732421875,28.25200080871582,87.85800170898438,
2016-10-01,197.3979949951172,27.35700035095215,88.17900085449219,
2016-11-01,188.5070037841797,26.456499099731445,83.91799926757812,
2016-12-01,183.4320068359375,25.645999908447266,83.48899841308594,
2017-01-01,197.07400512695312,26.30699920654297,87.22799682617188,
2017-02-01,208.35499572753903,27.021499633789062,90.66500091552734,
2017-03-01,216.85699462890625,26.12849998474121,93.8270034790039,
2017-04-01,225.75100708007807,26.40999984741211,94.98799896240234,
2017-05-01,236.8950042724609,26.184499740600582,98.22200012207033,
2017-06-01,234.9969940185547,25.768999099731445,97.5979995727539,
2017-07-01,254.49200439453125,25.709999084472656,103.427001953125,
2017-08-01,246.85499572753903,26.525999069213867,102.15299987792967,
2017-09-01,244.85899353027344,26.662500381469727,100.9980010986328,
2017-10-01,254.53900146484372,26.37150001525879,106.51699829101562,
2017-11-01,257.3330078125,26.300500869750977,105.74600219726562,
2017-12-01,259.6520080566406,26.26799964904785,108.447998046875,
2018-01-01,277.15301513671875,27.089000701904297,113.54399871826172,
2018-02-01,254.6000061035156,27.302499771118164,108.66999816894533,
2018-03-01,246.5619964599609,27.45800018310547,104.9250030517578,
2018-04-01,259.8269958496094,27.749000549316406,111.16799926757812,
2018-05-01,272.9259948730469,27.78199958801269,111.25,
2018-06-01,268.6010131835937,27.13050079345703,111.18800354003906,
2018-07-01,282.4460144042969,26.503999710083008,118.25,
2018-08-01,286.2929992675781,27.04750061035156,121.9000015258789,
2018-09-01,255.71600341796875,27.027999877929688,114.13999938964844,
2018-10-01,256.34600830078125,28.370500564575195,108.47599792480467,
2018-11-01,273.6809997558594,26.98550033569336,113.50800323486328,
2018-12-01,276.8890075683594,28.02050018310547,113.6750030517578,
2019-01-01,277.9219970703125,29.348499298095703,113.46900177001952,
2019-02-01,273.5660095214844,29.502500534057617,113.36000061035156,
2019-03-01,311.8179931640625,28.07999992370605,122.06099700927734,
2019-04-01,302.6289978027344,28.15250015258789,123.40699768066406,
2019-05-01,319.7749938964844,28.381999969482425,125.2490005493164,
2019-06-01,318.7130126953125,29.97949981689453,124.29199981689452,
2019-07-01,293.89801025390625,30.6564998626709,117.5770034790039,
2019-08-01,280.364990234375,33.79949951171875,116.61399841308594,
2019-09-01,298.17498779296875,32.97249984741211,121.56700134277344,
2019-10-01,306.8519897460937,34.06549835205078,125.4980010986328,
2019-11-01,325.60699462890625,33.41350173950195,127.51300048828124,
2019-12-01,329.0,34.45000076293945,129.14999389648438,
2020-01-01,316.8999938964844,35.869998931884766,127.16999816894533,
2020-02-01,296.7200012207031,37.369998931884766,119.29000091552734,
2020-03-01,194.57000732421875,38.209999084472656,91.94000244140624,
2020-04-01,215.3300018310547,42.56999969482422,104.18000030517578,
2020-05-01,193.67999267578125,40.9900016784668,101.37999725341795,
2020-06-01,215.41000366210935,42.61000061035156,109.5199966430664,
2020-07-01,217.88999938964844,47.13999938964844,118.0199966430664,
2020-08-01,239.57000732421875,45.34000015258789,121.02999877929688,
2020-09-01,215.94000244140625,44.18000030517578,119.93000030517578,
2020-10-01,240.6499938964844,44.31999969482422,124.56999969482422,
2020-11-01,297.0599975585937,42.84000015258789,138.3800048828125,
2020-12-01,313.5400085449219,43.75,149.07000732421875,
2021-01-01,307.0599975585937,42.650001525878906,146.10000610351562,
2021-02-01,351.260009765625,40.25,156.14999389648438,
2021-03-01,334.92999267578125,38.16999816894531,157.16000366210938,
2021-04-01,328.4700012207031,40.59000015258789,157.0,
2021-05-01,356.1199951171875,42.59000015258789,166.7899932861328,
2021-06-01,350.2900085449219,40.52000045776367,169.1300048828125,
2021-07-01,348.2900085449219,41.91999816894531,169.69000244140625,
2021-08-01,367.1600036621094,40.83000183105469,184.5500030517578,
2021-09-01,377.4599914550781,39.720001220703125,190.1100006103516,
2021-10-01,394.6199951171875,41.5,191.16000366210935,
2021-11-01,359.6099853515625,41.5099983215332,183.6999969482422,
2021-12-01,357.510009765625,41.47999954223633,187.7899932861328,
2022-01-01,382.8999938964844,41.25,187.6300048828125,
2022-02-01,364.8900146484375,43.59000015258789,181.83999633789065,
2022-03-01,365.510009765625,44.119998931884766,188.8699951171875,66.30000305175781
2022-04-01,363.8200073242188,44.790000915527344,185.42999267578125,64.56999969482422
2022-05-01,357.6199951171875,43.95000076293945,179.8699951171875,61.33000183105469
2022-06-01,337.3399963378906,43.7599983215332,171.60000610351562,58.970001220703125
2022-07-01,378.0400085449219,44.060001373291016,186.5399932861328,57.400001525878906
2022-08-01,399.9500122070313,43.900001525878906,193.9199981689453,54.36000061035156
2022-09-01,391.0499877929688,43.15999984741211,186.8300018310547,56.119998931884766
2022-10-01,417.25,43.22999954223633,196.2700042724609,57.11000061035156
2022-11-01,436.9299926757813,45.09999847412109,204.6999969482422,61.31999969482422
2022-12-01,435.4800109863281,46.790000915527344,198.0399932861328,67.2300033569336
2023-01-01,412.3800048828125,48.66999816894531,193.44000244140625,66.9800033569336
2023-02-01,408.05999755859375,47.40999984741211,189.6999969482422,62.47999954223633
2023-03-01,410.5499877929688,51.06999969482422,189.8600006103516,70.66999816894531
2023-04-01,436.6000061035156,51.25,197.2899932861328,73.08000183105469
2023-05-01,448.75,51.130001068115234,203.66000366210935,70.18000030517578
2023-06-01,454.4800109863281,49.310001373291016,210.6100006103516,67.56999969482422
2023-07-01,464.5199890136719,50.65999984741211,217.5800018310547,72.68000030517578
2023-08-01,449.2000122070313,50.34999847412109,212.7700042724609,73.29000091552734
2023-09-01,454.4200134277344,49.290000915527344,216.75,70.55999755859375
2023-10-01,437.510009765625,52.060001373291016,210.97999572753903,71.04000091552734
2023-11-01,453.8200073242188,53.150001525878906,222.1300048828125,74.61000061035156
2023-12-01,492.4299926757813,53.65999984741211,239.6499938964844,72.18000030517578
2024-01-01,468.760009765625,53.34999847412109,240.25999450683597,70.58999633789062
2024-02-01,471.0,52.77999877929688,243.25,68.29000091552734
2024-03-01,480.0982055664063,56.93239974975586,247.01980590820312,72.69329833984375
2024-04-01,502.3800048828125,60.880001068115234,250.05999755859372,78.55999755859375
2024-05-01,502.5,61.290000915527344,251.1499938964844,90.5999984741211
2024-06-01,537.2000122070312,60.630001068115234,267.4800109863281,85.9000015258789
2024-07-01,528.9400024414062,58.68000030517578,277.75,81.83999633789062
2024-08-01,526.72998046875,60.65999984741211,281.0799865722656,83.06999969482422
2024-09-01,544.780029296875,63.54999923706055,288.3800048828125,88.04000091552734
2024-10-01,529.6400146484375,66.91999816894531,270.6400146484375,94.2699966430664
2024-11-01,533.5999755859375,64.29000091552734,269.8800048828125,86.91999816894531
2024-12-01,522.7899780273438,64.08999633789062,264.4700012207031,83.7300033569336
2025-01-01,508.3800048828125,69.08000183105469,263.0,90.66999816894533
2025-02-01,496.7200012207031,71.0999984741211,248.4499969482422,90.45999908447266
2025-03-01,528.989990234375,74.16000366210938,263.2099914550781,97.5999984741211
2025-04-01,564.0599975585938,79.08999633789062,271.989990234375,91.62000274658205
2025-05-01,572.0999755859375,79.48999786376953,277.9700012207031,94.3499984741211
2025-06-01,589.27001953125,79.98999786376953,286.510009765625,102.47000122070312
2025-07-01,577.0599975585938,82.19999694824219,279.260009765625,106.9000015258789
2025-08-01,554.989990234375,85.33999633789062,276.0599975585937,113.58000183105467
2025-09-01,563.3900146484375,95.8499984741211,277.5199890136719,136.07000732421875
2025-10-01,597.3900146484375,100.0199966430664,291.0799865722656,142.47000122070312
2025-11-01,616.3699951171875,104.62000274658205,296.489990234375,156.77000427246094
2025-12-01,615.1799926757812,110.11000061035156,295.3099975585937,215.42999267578125
2026-01-01,613.5800170898438,116.76000213623048,291.8699951171875,243.3500061035156
